Résidence,École,Type de logement,Âge,Date d'arrivée,Revenu mensuel,Niveau de satisfaction
Angers,École de Commerce,KOCOON L,23,2022-02-28,1598,6
Angers,École Spécialisée,KOCOON L,25,2022-04-05,1387,6
Angers,Université,KASA,25,2022-07-06,1394,2
Angers,IUT,KABANE,23,2022-10-03,1967,2
Angers,École de Commerce,KASA,19,2022-04-25,1770,9
Angers,IUT,KOCOON,20,2022-07-04,1509,7
Angers,École de Commerce,KOCOON XL,25,2022-03-22,1535,2
Angers,Université,KOCOON,21,2022-01-27,1558,5
Angers,BTS,KABANE,22,2022-07-07,1262,2
Angers,École Spécialisée,KOCOON,18,2022-01-14,1428,8
Angers,Université,KOCOON,23,2022-08-05,1456,5
Angers,BTS,KABANE,20,2022-08-30,1604,7
Angers,Université,KASA,21,2022-01-16,1977,1
Angers,IUT,KOCOON,21,2022-11-03,1926,7
Angers,École de Commerce,KOCOON,22,2022-10-05,1506,9
Angers,École de Commerce,KOCOON,25,2022-07-15,1472,7
Angers,BTS,KOCOON XL,25,2022-08-22,1030,4
Angers,Université,KABANE,25,2022-01-03,1375,8
Angers,Université,KASA,18,2022-01-02,1256,2
Angers,BTS,KOCOON,22,2022-05-30,1081,9
Angers,BTS,KASA,23,2022-05-02,1553,8
Angers,Université,KOCOON,19,2022-09-29,1392,2
Angers,Université,KASA,22,2022-11-28,1975,6
Angers,École de Commerce,KABANE,21,2022-07-21,1607,10
Angers,BTS,KOCOON,24,2022-04-22,1523,5
Angers,École Spécialisée,KOCOON L,20,2022-10-18,1648,2
Angers,IUT,KABANE,21,2022-04-19,1034,6
Angers,Université,KOCOON XL,23,2022-11-12,1103,1
Angers,IUT,KOCOON L,18,2022-07-15,1481,9
Angers,BTS,KOCOON L,22,2022-11-07,1654,7
Angers,École de Commerce,KOCOON XL,22,2022-12-07,1461,9
Angers,École Spécialisée,KOCOON L,21,2022-06-16,1836,4
Angers,IUT,KOCOON XL,23,2022-06-21,1090,8
Angers,École de Commerce,KASA,22,2022-04-17,1667,6
Angers,École Spécialisée,KOCOON L,19,2022-09-03,1910,8
Angers,École de Commerce,KASA,22,2022-02-23,1148,4
Angers,École Spécialisée,KASA,22,2022-04-09,1590,5
Angers,Université,KASA,19,2022-08-27,1881,8
Angers,Université,KOCOON XL,18,2022-04-09,1199,7
Angers,École de Commerce,KABANE,22,2022-10-31,1481,10
Angers,Université,KOCOON XL,19,2022-03-28,1430,8
Angers,BTS,KABANE,23,2022-07-26,1029,6
Angers,BTS,KASA,24,2022-06-04,1915,8
Angers,Université,KASA,22,2022-05-29,1296,3
Angers,BTS,KOCOON,18,2022-04-23,1596,5
Angers,IUT,KOCOON,24,2022-08-10,1897,10
Angers,Université,KOCOON L,20,2022-07-23,1819,4
Angers,École Spécialisée,KABANE,21,2022-10-21,1129,3
Angers,Université,KOCOON,20,2022-05-19,1609,9
Angers,École Spécialisée,KOCOON,24,2022-05-18,1452,4
Angers,BTS,KABANE,25,2022-03-11,1529,1
Angers,Université,KOCOON L,20,2022-09-17,1549,6
Angers,École Spécialisée,KOCOON XL,19,2022-05-23,1765,7
Angers,École Spécialisée,KOCOON,21,2022-06-03,1762,8
Angers,Université,KOCOON,22,2022-12-10,1877,8
Angers,École de Commerce,KABANE,23,2022-04-22,1366,7
Angers,École de Commerce,KOCOON,25,2022-01-17,1740,4
Angers,IUT,KOCOON XL,19,2022-03-12,1862,6
Angers,Université,KABANE,19,2022-08-20,1397,10
Angers,IUT,KOCOON XL,25,2022-03-31,1612,2
Angers,Université,KOCOON XL,19,2022-09-11,1838,4
Angers,École de Commerce,KABANE,25,2022-07-28,1277,7
Angers,Université,KOCOON L,23,2022-09-15,1828,10
Angers,IUT,KASA,22,2022-05-27,1893,8
Angers,École Spécialisée,KOCOON,24,2022-01-23,1709,8
Angers,BTS,KABANE,25,2022-11-29,1517,1
Angers,BTS,KABANE,20,2022-07-27,1311,10
Angers,École Spécialisée,KABANE,20,2022-12-07,1469,6
Angers,École Spécialisée,KASA,20,2022-02-09,1011,9
Angers,BTS,KABANE,20,2022-06-23,1673,2
Angers,École Spécialisée,KABANE,21,2022-11-29,1439,8
Angers,Université,KASA,25,2022-03-23,1807,4
Angers,École de Commerce,KOCOON XL,20,2022-07-11,1873,4
Angers,Université,KOCOON XL,21,2022-07-25,1759,10
Angers,École Spécialisée,KOCOON L,25,2022-01-17,1597,10
Angers,École Spécialisée,KASA,24,2022-03-17,1197,5
Angers,Université,KOCOON,22,2022-09-11,1050,9
Angers,Université,KASA,19,2022-06-24,1420,5
Angers,École Spécialisée,KOCOON L,25,2022-12-17,1726,5
Angers,École de Commerce,KOCOON XL,18,2022-12-07,1768,6
Angers,BTS,KABANE,22,2022-11-26,1911,2
Angers,BTS,KOCOON,18,2022-10-11,1477,7
Angers,Université,KABANE,24,2022-03-13,1668,7
Angers,École de Commerce,KOCOON,25,2022-08-15,1141,7
Angers,École Spécialisée,KASA,20,2022-10-03,1001,2
Angers,IUT,KOCOON XL,21,2022-08-30,1830,7
Angers,IUT,KOCOON,20,2022-02-11,1510,9
Angers,École Spécialisée,KOCOON XL,24,2022-09-26,1431,7
Angers,Université,KASA,18,2022-08-02,1728,2
Angers,Université,KOCOON,19,2022-03-22,1443,9
Angers,IUT,KOCOON,18,2022-08-20,1170,2
Angers,École Spécialisée,KASA,22,2022-01-26,1653,7
Angers,IUT,KOCOON XL,20,2022-03-14,1812,9
Angers,BTS,KOCOON XL,22,2022-08-26,1073,8
Angers,Université,KOCOON,20,2022-01-19,1641,4
Angers,École de Commerce,KABANE,25,2022-08-30,1923,9
Brest,École Spécialisée,KOCOON L,25,2022-12-23,1678,6
Brest,École Spécialisée,KABANE,19,2022-02-04,1262,4
Brest,École Spécialisée,KASA,18,2022-10-24,1037,3
Brest,Université,KASA,21,2022-09-20,1171,10
Brest,École de Commerce,KABANE,19,2022-01-28,1672,10
Brest,École de Commerce,KASA,25,2022-10-08,1502,9
Brest,Université,KOCOON L,19,2022-02-09,1677,3
Brest,Université,KOCOON XL,20,2022-08-14,1978,9
Brest,BTS,KOCOON XL,23,2022-04-12,1462,9
Brest,École Spécialisée,KASA,23,2022-04-16,1908,3
Brest,Université,KASA,24,2022-05-10,1179,6
Brest,IUT,KABANE,18,2022-08-31,1110,7
Brest,Université,KABANE,18,2022-01-17,1844,4
Brest,Université,KABANE,21,2022-09-15,1898,10
Brest,IUT,KOCOON XL,25,2022-04-06,1480,5
Brest,École Spécialisée,KABANE,20,2022-01-23,1799,3
Brest,BTS,KOCOON XL,19,2022-11-18,1519,5
Brest,IUT,KOCOON,25,2022-04-27,1566,4
Brest,École de Commerce,KOCOON L,21,2022-01-01,1657,7
Brest,BTS,KASA,19,2022-06-09,1856,6
Brest,École Spécialisée,KOCOON,18,2022-02-07,1380,10
Brest,École Spécialisée,KOCOON,25,2022-01-07,1077,8
Brest,BTS,KOCOON XL,23,2022-10-03,1714,7
Brest,IUT,KABANE,19,2022-04-26,1508,2
Brest,Université,KASA,20,2022-06-15,1344,2
Brest,École de Commerce,KOCOON L,19,2022-07-02,1550,6
Brest,IUT,KOCOON XL,19,2022-04-18,1508,2
Brest,BTS,KABANE,19,2022-12-13,1355,7
Brest,BTS,KOCOON,20,2022-11-01,1242,5
Brest,IUT,KOCOON L,19,2022-03-06,1211,10
Brest,BTS,KABANE,19,2022-05-07,1963,6
Brest,IUT,KOCOON,23,2022-09-10,1802,4
Brest,BTS,KASA,18,2022-10-05,1882,2
Brest,École de Commerce,KOCOON XL,20,2022-05-06,1220,9
Brest,IUT,KOCOON XL,25,2022-07-25,1082,10
Brest,BTS,KOCOON,22,2022-09-08,1838,7
Brest,IUT,KABANE,23,2022-09-30,1908,4
Brest,BTS,KASA,20,2022-11-09,1068,5
Brest,Université,KOCOON,19,2022-11-26,1418,9
Brest,Université,KOCOON,18,2022-04-01,1033,1
Brest,École de Commerce,KOCOON XL,18,2022-04-11,1032,6
Brest,IUT,KOCOON XL,20,2022-11-06,1453,5
Brest,BTS,KABANE,25,2022-04-13,1083,9
Brest,Université,KOCOON,24,2022-12-17,1265,9
Brest,École de Commerce,KOCOON,24,2022-01-01,1496,2
Brest,Université,KASA,22,2022-07-21,1955,8
Brest,IUT,KOCOON,24,2022-11-01,1152,4
Brest,IUT,KOCOON XL,24,2022-06-27,1202,9
Brest,Université,KOCOON,18,2022-07-25,1253,1
Brest,École Spécialisée,KABANE,20,2022-08-13,1858,9
Brest,Université,KASA,22,2022-05-30,1441,7
Brest,Université,KABANE,22,2022-12-04,1311,6
Brest,Université,KASA,20,2022-12-01,1081,6
Brest,École de Commerce,KABANE,18,2022-03-28,1501,9
Brest,École Spécialisée,KOCOON,21,2022-11-20,1415,1
Brest,IUT,KOCOON L,22,2022-01-11,1341,10
Brest,IUT,KOCOON XL,25,2022-12-18,1354,8
Brest,BTS,KOCOON XL,20,2022-03-11,1634,6
Brest,Université,KABANE,24,2022-03-13,1318,8
Brest,École de Commerce,KABANE,20,2022-01-16,1889,4
Brest,Université,KASA,23,2022-02-08,1938,7
Brest,École de Commerce,KOCOON,20,2022-04-11,1459,3
Brest,École de Commerce,KOCOON,25,2022-08-18,1388,2
Brest,Université,KABANE,21,2022-09-24,1845,7
Brest,IUT,KOCOON L,20,2022-07-31,1678,3
Brest,Université,KASA,20,2022-05-19,1213,3
Brest,École de Commerce,KOCOON,24,2022-05-29,1615,6
Brest,BTS,KOCOON XL,22,2022-05-16,1997,7
Brest,École de Commerce,KABANE,23,2022-10-07,1861,3
Brest,Université,KOCOON L,21,2022-09-21,1222,9
Brest,Université,KOCOON XL,20,2022-02-20,1375,6
Brest,Université,KASA,25,2022-06-03,1142,4
Brest,École Spécialisée,KOCOON L,18,2022-08-30,1698,6
Brest,École de Commerce,KOCOON,21,2022-04-17,1682,10
Brest,BTS,KOCOON,25,2022-01-13,1265,4
Brest,BTS,KOCOON XL,22,2022-07-18,1941,10
Brest,École de Commerce,KOCOON XL,21,2022-12-03,1504,9
Brest,BTS,KOCOON L,24,2022-08-11,1930,8
Brest,École Spécialisée,KABANE,23,2022-08-28,1126,8
Brest,Université,KOCOON XL,18,2022-11-25,1193,1
Brest,IUT,KOCOON XL,21,2022-03-21,1362,8
Brest,Université,KASA,20,2022-12-23,1554,5
Brest,École Spécialisée,KOCOON,20,2022-12-17,1028,5
Brest,École Spécialisée,KABANE,18,2022-07-19,1416,4
Brest,BTS,KASA,21,2022-07-12,1768,3
Brest,École de Commerce,KASA,21,2022-10-06,1957,3
Brest,Université,KOCOON,19,2022-10-25,1118,9
Brest,École de Commerce,KOCOON L,24,2022-01-15,1350,4
Caen,École Spécialisée,KOCOON L,23,2022-04-18,1235,2
Caen,BTS,KASA,18,2022-03-02,1348,2
Caen,BTS,KOCOON,21,2022-10-05,1439,6
Caen,IUT,KABANE,22,2022-04-01,1670,9
Caen,École de Commerce,KOCOON XL,20,2022-01-04,1403,4
Caen,École de Commerce,KOCOON L,19,2022-07-22,1836,10
Caen,BTS,KASA,18,2022-03-29,1584,5
Caen,IUT,KOCOON XL,18,2022-11-18,1091,7
Caen,École de Commerce,KASA,18,2022-05-20,1928,6
Caen,École de Commerce,KOCOON,18,2022-08-01,1987,8
Caen,École de Commerce,KASA,18,2022-06-10,1501,2
Caen,École de Commerce,KOCOON XL,22,2022-11-14,1109,7
Caen,École Spécialisée,KOCOON,23,2022-09-15,1054,5
Caen,École Spécialisée,KOCOON XL,21,2022-10-10,1856,1
Caen,IUT,KASA,24,2022-01-14,1454,9
Caen,École de Commerce,KOCOON L,24,2022-10-26,1894,6
Caen,Université,KOCOON L,24,2022-01-12,1373,5
Caen,École de Commerce,KOCOON XL,22,2022-08-07,1863,3
Caen,BTS,KOCOON XL,23,2022-02-03,1988,4
Caen,École de Commerce,KABANE,18,2022-08-30,1245,1
Caen,Université,KOCOON,22,2022-06-26,1982,1
Caen,BTS,KOCOON L,24,2022-07-19,1823,4
Caen,Université,KOCOON,25,2022-02-11,1617,3
Caen,IUT,KASA,18,2022-11-24,1702,7
Caen,IUT,KASA,18,2022-08-13,1966,9
Caen,IUT,KOCOON XL,20,2022-08-11,1288,7
Caen,BTS,KABANE,20,2022-11-06,1527,4
Caen,BTS,KOCOON,19,2022-10-23,1727,4
Caen,IUT,KOCOON XL,19,2022-12-31,1811,9
Caen,Université,KOCOON L,24,2022-06-28,1286,8
Caen,École de Commerce,KOCOON L,21,2022-02-01,1359,4
Caen,École Spécialisée,KOCOON L,20,2022-05-07,1173,8
Caen,Université,KABANE,24,2022-02-18,1212,4
Caen,École de Commerce,KABANE,23,2022-02-22,1034,4
Caen,Université,KABANE,18,2022-08-23,1982,6
Caen,BTS,KOCOON,18,2022-12-26,1040,7
Caen,Université,KABANE,23,2022-09-03,1361,6
Caen,École de Commerce,KABANE,23,2022-08-20,1542,6
Caen,IUT,KOCOON XL,23,2022-03-20,1660,3
Caen,Université,KOCOON,20,2022-05-03,1349,7
Caen,École de Commerce,KABANE,25,2022-08-09,1468,6
Caen,École Spécialisée,KABANE,21,2022-05-24,1885,6
Caen,École de Commerce,KOCOON,22,2022-12-31,1364,7
Caen,BTS,KOCOON XL,23,2022-12-07,1810,9
Caen,École Spécialisée,KASA,19,2022-08-04,1182,5
Caen,Université,KABANE,25,2022-08-02,1994,4
Caen,École Spécialisée,KOCOON L,22,2022-03-08,1921,8
Caen,Université,KABANE,25,2022-03-29,1702,4
Caen,BTS,KOCOON XL,18,2022-10-22,1930,5
Caen,IUT,KASA,22,2022-02-19,1026,2
Caen,Université,KOCOON L,22,2022-03-18,1901,9
Caen,École de Commerce,KOCOON,23,2022-07-19,1023,9
Caen,IUT,KASA,19,2022-11-05,1855,2
Caen,BTS,KABANE,25,2022-12-12,1988,7
Caen,École Spécialisée,KOCOON,23,2022-05-14,1187,5
Caen,Université,KOCOON,18,2022-04-17,1976,4
Caen,Université,KOCOON,21,2022-08-21,1758,5
Caen,École de Commerce,KOCOON L,18,2022-04-09,1436,7
Caen,BTS,KOCOON L,24,2022-12-23,1686,1
Caen,BTS,KOCOON,19,2022-03-27,1546,7
Caen,Université,KOCOON XL,18,2022-10-24,1484,6
Caen,École de Commerce,KOCOON XL,19,2022-01-30,1312,2
Caen,Université,KABANE,22,2022-07-07,1023,8
Caen,Université,KABANE,25,2022-04-02,1962,5
Caen,École Spécialisée,KOCOON L,18,2022-01-17,1856,9
Caen,IUT,KASA,18,2022-05-03,1836,8
Caen,École de Commerce,KASA,24,2022-06-17,1644,4
Caen,École de Commerce,KASA,25,2022-12-31,1628,7
Caen,École de Commerce,KOCOON,23,2022-12-30,1823,8
Caen,École Spécialisée,KOCOON,21,2022-05-30,1454,5
Caen,BTS,KOCOON L,22,2022-01-17,1059,2
Caen,Université,KABANE,19,2022-06-09,1931,8
Caen,IUT,KOCOON XL,18,2022-02-09,1678,4
Caen,Université,KABANE,24,2022-10-19,1541,8
Caen,Université,KOCOON L,20,2022-06-26,1672,6
Caen,Université,KOCOON L,21,2022-02-10,1365,6
Caen,École de Commerce,KOCOON,25,2022-01-19,1922,8
Caen,École de Commerce,KOCOON XL,20,2022-11-30,1412,10
Caen,BTS,KOCOON XL,24,2022-08-01,1777,3
Caen,École Spécialisée,KASA,24,2022-05-27,1832,4
Caen,École Spécialisée,KABANE,24,2022-03-06,1368,6
Caen,École de Commerce,KASA,20,2022-03-22,1461,6
Caen,IUT,KABANE,20,2022-07-11,1894,8
Caen,École Spécialisée,KABANE,23,2022-12-27,1194,8
Caen,BTS,KOCOON L,22,2022-11-19,1596,7
Caen,École Spécialisée,KOCOON,19,2022-02-20,1909,6
Caen,Université,KASA,20,2022-06-14,1533,6
Caen,Université,KOCOON,23,2022-08-09,1177,1
Caen,IUT,KOCOON,20,2022-03-24,1217,8
Caen,IUT,KOCOON XL,23,2022-04-12,1902,7
Caen,BTS,KABANE,21,2022-10-01,1876,10
Caen,IUT,KOCOON L,25,2022-08-20,1456,10
Caen,École de Commerce,KOCOON L,23,2022-06-04,1282,8
Caen,Université,KOCOON L,19,2022-09-09,1706,4
Caen,Université,KASA,19,2022-01-06,1678,10
Caen,IUT,KOCOON,18,2022-09-24,1158,10
Caen,Université,KOCOON XL,23,2022-07-29,1860,3
Caen,École Spécialisée,KOCOON XL,23,2022-11-12,1163,6
Caen,École Spécialisée,KASA,21,2022-04-06,1717,8
Caen,Université,KOCOON,23,2022-12-22,1526,2
Caen,IUT,KOCOON XL,21,2022-07-31,1533,5
Caen,École Spécialisée,KASA,22,2022-07-01,1885,8
Caen,École Spécialisée,KABANE,21,2022-01-02,1324,2
Caen,BTS,KABANE,21,2022-12-17,1570,10
Caen,École de Commerce,KOCOON XL,18,2022-07-19,1978,10
Caen,Université,KOCOON XL,19,2022-03-02,1165,9
Caen,École Spécialisée,KOCOON L,20,2022-08-15,1214,5
Caen,École Spécialisée,KASA,20,2022-11-30,1765,10
Caen,BTS,KOCOON XL,21,2022-06-03,1287,3
Caen,IUT,KOCOON L,25,2022-04-15,1403,5
Caen,BTS,KASA,24,2022-05-06,1149,4
Caen,École de Commerce,KOCOON XL,19,2022-11-26,1784,6
Caen,BTS,KABANE,19,2022-01-09,1512,3
Caen,Université,KOCOON XL,19,2022-12-25,1168,5
Caen,IUT,KOCOON,23,2022-11-01,1203,10
Caen,École Spécialisée,KOCOON L,22,2022-06-06,1461,5
Caen,IUT,KOCOON XL,23,2022-08-14,1917,7
Caen,Université,KABANE,21,2022-08-02,1005,6
Caen,IUT,KOCOON XL,18,2022-09-20,1200,5
Caen,École de Commerce,KASA,21,2022-05-14,1608,2
Caen,BTS,KABANE,22,2022-07-22,1565,10
Caen,IUT,KOCOON,19,2022-03-28,1706,5
Caen,IUT,KOCOON XL,20,2022-12-03,1357,1
Caen,Université,KOCOON L,25,2022-08-04,1124,8
Cergy,IUT,KOCOON XL,22,2022-01-22,1696,3
Cergy,BTS,KASA,22,2022-05-13,1686,8
Cergy,École de Commerce,KASA,18,2022-03-01,1203,9
Cergy,Université,KOCOON XL,19,2022-02-06,1703,8
Cergy,École de Commerce,KOCOON L,21,2022-02-10,1401,7
Cergy,École de Commerce,KABANE,24,2022-12-04,1509,6
Cergy,IUT,KOCOON L,19,2022-03-28,1331,7
Cergy,Université,KOCOON L,19,2022-09-26,1127,1
Cergy,Université,KOCOON,24,2022-02-12,1748,7
Cergy,Université,KOCOON L,25,2022-10-10,1212,2
Cergy,École Spécialisée,KOCOON L,21,2022-04-05,1891,3
Cergy,IUT,KOCOON L,22,2022-11-10,1179,4
Cergy,IUT,KOCOON XL,22,2022-02-23,1778,2
Cergy,École de Commerce,KOCOON L,22,2022-11-10,1216,8
Cergy,IUT,KASA,20,2022-04-20,1695,3
Cergy,IUT,KABANE,24,2022-11-17,1992,9
Cergy,Université,KASA,22,2022-02-14,1004,9
Cergy,Université,KABANE,22,2022-12-08,1133,4
Cergy,IUT,KOCOON,21,2022-07-30,1833,6
Cergy,École Spécialisée,KOCOON XL,18,2022-02-03,1090,5
Cergy,IUT,KASA,21,2022-10-11,1388,6
Cergy,BTS,KABANE,24,2022-12-16,1118,5
Cergy,IUT,KOCOON L,25,2022-09-11,1898,9
Cergy,École de Commerce,KASA,19,2022-04-13,1184,5
Cergy,École Spécialisée,KASA,22,2022-07-10,1091,8
Cergy,École de Commerce,KABANE,21,2022-07-13,1535,4
Cergy,BTS,KABANE,23,2022-04-03,1500,3
Cergy,École de Commerce,KOCOON XL,22,2022-06-06,1956,2
Cergy,École Spécialisée,KOCOON XL,20,2022-03-28,1260,8
Cergy,École Spécialisée,KOCOON,25,2022-12-17,1588,9
Cergy,École de Commerce,KOCOON XL,22,2022-08-23,1852,4
Cergy,BTS,KABANE,19,2022-07-31,1842,3
Cergy,Université,KOCOON,22,2022-11-15,1386,3
Cergy,IUT,KOCOON L,24,2022-02-26,1931,7
Cergy,École Spécialisée,KOCOON,22,2022-10-07,1861,6
Cergy,École de Commerce,KOCOON XL,22,2022-06-27,1352,7
Cergy,IUT,KASA,21,2022-12-05,1132,2
Cergy,IUT,KABANE,19,2022-03-19,1498,3
Cergy,École Spécialisée,KABANE,18,2022-09-22,1880,2
Cergy,BTS,KOCOON,18,2022-05-14,1666,2
Cergy,École Spécialisée,KOCOON L,23,2022-05-18,1822,4
Cergy,IUT,KASA,25,2022-03-08,1802,5
Cergy,École de Commerce,KOCOON,23,2022-04-21,1915,5
Cergy,Université,KASA,23,2022-06-21,1277,9
Cergy,IUT,KABANE,21,2022-01-18,1325,3
Cergy,École de Commerce,KABANE,22,2022-03-18,1977,8
Cergy,Université,KOCOON,22,2022-03-26,1994,8
Cergy,IUT,KOCOON,24,2022-11-24,1286,9
Cergy,École Spécialisée,KABANE,21,2022-06-06,1861,7
Cergy,École de Commerce,KASA,20,2022-08-04,1718,8
Cergy,IUT,KOCOON L,23,2022-12-11,1629,8
Cergy,École de Commerce,KOCOON L,20,2022-11-30,1410,1
Cergy,École de Commerce,KABANE,20,2022-04-18,1674,5
Cergy,École Spécialisée,KOCOON,21,2022-05-24,1497,3
Cergy,École Spécialisée,KOCOON L,19,2022-03-18,1585,4
Cergy,Université,KOCOON,20,2022-06-10,1134,9
Cergy,BTS,KOCOON XL,25,2022-10-15,1887,8
Cergy,École Spécialisée,KOCOON L,25,2022-08-17,1401,4
Champs,École de Commerce,KOCOON L,20,2022-06-17,1083,8
Champs,BTS,KOCOON XL,21,2022-03-18,1645,9
Champs,Université,KOCOON L,22,2022-08-22,1119,5
Champs,IUT,KOCOON XL,18,2022-11-07,1273,9
Champs,École Spécialisée,KOCOON L,19,2022-03-16,1541,8
Champs,École de Commerce,KASA,22,2022-12-03,1546,6
Champs,Université,KASA,18,2022-12-17,1334,7
Champs,École de Commerce,KABANE,19,2022-09-25,1167,6
Champs,École Spécialisée,KOCOON XL,22,2022-10-08,1797,6
Champs,Université,KASA,24,2022-04-17,1251,10
Champs,BTS,KOCOON L,23,2022-02-10,1506,10
Champs,École Spécialisée,KOCOON L,24,2022-05-08,1888,6
Champs,École Spécialisée,KASA,24,2022-08-25,1790,7
Champs,École de Commerce,KABANE,19,2022-11-12,1728,10
Champs,École Spécialisée,KABANE,24,2022-05-14,1371,8
Champs,IUT,KOCOON XL,21,2022-03-01,1944,10
Champs,École de Commerce,KASA,19,2022-07-18,1027,1
Champs,École Spécialisée,KOCOON L,20,2022-01-26,1702,10
Champs,BTS,KOCOON,22,2022-01-12,1969,2
Champs,IUT,KABANE,19,2022-11-21,1343,8
Champs,École de Commerce,KOCOON L,24,2022-08-30,1900,7
Champs,IUT,KOCOON XL,19,2022-09-03,1034,2
Champs,École Spécialisée,KOCOON L,25,2022-08-19,1843,8
Champs,BTS,KOCOON L,22,2022-01-31,1757,10
Champs,École de Commerce,KABANE,23,2022-01-09,1946,8
Champs,École Spécialisée,KOCOON L,19,2022-11-04,1273,9
Champs,IUT,KASA,23,2022-07-07,1545,9
Champs,École de Commerce,KASA,23,2022-12-18,1693,10
Champs,École de Commerce,KABANE,25,2022-06-01,1817,1
Champs,École de Commerce,KOCOON XL,20,2022-06-24,1597,7
Champs,Université,KOCOON XL,22,2022-01-11,1446,10
Champs,Université,KOCOON,21,2022-02-01,1061,10
Champs,BTS,KASA,22,2022-09-15,1007,8
Champs,IUT,KOCOON XL,24,2022-12-08,1956,8
Champs,Université,KOCOON,19,2022-03-05,1588,9
Champs,École de Commerce,KOCOON,19,2022-03-17,1637,6
Champs,École Spécialisée,KABANE,25,2022-05-12,1033,4
Champs,École Spécialisée,KOCOON XL,25,2022-12-06,1252,8
Champs,École de Commerce,KABANE,24,2022-06-09,1503,2
Champs,École de Commerce,KOCOON XL,18,2022-10-17,1122,4
Champs,BTS,KOCOON,22,2022-04-08,1876,10
Champs,IUT,KASA,25,2022-01-26,1541,7
Champs,École de Commerce,KOCOON XL,19,2022-12-20,1149,10
Champs,IUT,KABANE,24,2022-03-03,1906,7
Champs,BTS,KABANE,24,2022-08-08,1092,9
Champs,IUT,KOCOON XL,20,2022-07-22,1151,5
Champs,École de Commerce,KOCOON L,21,2022-02-15,1226,8
Champs,Université,KABANE,21,2022-09-18,1401,10
Champs,BTS,KOCOON,21,2022-11-12,1773,9
Champs,IUT,KOCOON,19,2022-04-25,1341,6
Champs,École de Commerce,KABANE,25,2022-09-30,1339,5
Champs,IUT,KOCOON XL,18,2022-06-04,1518,9
Champs,IUT,KOCOON XL,22,2022-10-18,1268,1
Champs,École Spécialisée,KOCOON L,18,2022-03-28,1166,10
Champs,IUT,KOCOON L,18,2022-11-08,1382,8
Champs,Université,KOCOON L,19,2022-08-04,1056,1
Champs,BTS,KOCOON,19,2022-11-15,1479,7
Champs,École Spécialisée,KOCOON,19,2022-01-03,1614,9
Champs,BTS,KOCOON XL,19,2022-02-15,1348,8
Champs,Université,KOCOON,20,2022-05-29,1839,6
Champs,IUT,KOCOON L,23,2022-11-13,1000,8
Champs,IUT,KOCOON,18,2022-07-12,1682,8
Champs,IUT,KOCOON,22,2022-07-19,1908,9
Champs,École Spécialisée,KOCOON L,18,2022-11-07,1757,8
Champs,IUT,KASA,25,2022-09-22,1762,9
Champs,École de Commerce,KOCOON,23,2022-01-30,1898,6
Champs,IUT,KASA,23,2022-03-17,1962,1
Champs,Université,KOCOON L,21,2022-08-16,1776,8
Champs,École Spécialisée,KOCOON XL,20,2022-05-02,1268,4
Champs,Université,KOCOON L,25,2022-01-25,1848,7
Champs,IUT,KOCOON L,19,2022-01-23,1234,2
Champs,Université,KABANE,25,2022-07-10,1952,9
Champs,IUT,KOCOON XL,21,2022-05-16,1415,1
Champs,École de Commerce,KOCOON XL,23,2022-02-04,1438,7
Champs,École de Commerce,KOCOON L,20,2022-07-02,1760,8
Champs,École Spécialisée,KOCOON,21,2022-05-16,1851,6
Champs,École Spécialisée,KASA,23,2022-03-29,1438,4
Champs,École de Commerce,KASA,25,2022-04-27,1393,8
Champs,École de Commerce,KOCOON L,19,2022-04-20,1773,4
Champs,Université,KASA,18,2022-05-29,1971,7
Champs,École Spécialisée,KASA,25,2022-04-13,1981,3
Champs,Université,KOCOON XL,22,2022-10-02,1771,5
Champs,École de Commerce,KOCOON L,22,2022-04-23,1475,2
Champs,BTS,KOCOON L,19,2022-06-01,1949,5
Marseille,Université,KOCOON XL,24,2022-12-08,1863,8
Marseille,École Spécialisée,KASA,25,2022-05-29,1445,2
Marseille,IUT,KOCOON XL,24,2022-03-31,1788,4
Marseille,Université,KABANE,23,2022-08-07,1138,7
Marseille,IUT,KOCOON L,20,2022-09-29,1319,8
Marseille,IUT,KOCOON,22,2022-04-03,1465,10
Marseille,IUT,KOCOON L,19,2022-01-02,1747,5
Marseille,École Spécialisée,KOCOON XL,18,2022-07-02,1604,8
Marseille,École Spécialisée,KABANE,20,2022-12-07,1358,3
Marseille,BTS,KOCOON XL,21,2022-09-09,1270,8
Marseille,École de Commerce,KOCOON XL,22,2022-08-04,1680,1
Marseille,École de Commerce,KASA,22,2022-04-28,1219,1
Marseille,École Spécialisée,KABANE,21,2022-05-02,1102,7
Marseille,École Spécialisée,KOCOON,23,2022-01-26,1958,5
Marseille,Université,KABANE,20,2022-09-22,1681,7
Marseille,BTS,KABANE,23,2022-01-23,1817,9
Marseille,École Spécialisée,KOCOON,21,2022-09-24,1133,8
Marseille,École de Commerce,KASA,21,2022-07-17,1355,3
Marseille,École de Commerce,KABANE,25,2022-12-30,1070,9
Marseille,BTS,KABANE,20,2022-11-07,1456,4
Marseille,IUT,KOCOON L,23,2022-03-31,1993,7
Marseille,IUT,KOCOON L,25,2022-02-07,1959,4
Marseille,École Spécialisée,KOCOON XL,20,2022-10-14,1874,3
Marseille,BTS,KABANE,25,2022-05-26,1599,7
Marseille,IUT,KOCOON L,24,2022-12-30,1479,10
Marseille,Université,KOCOON XL,18,2022-04-30,1531,4
Marseille,BTS,KASA,22,2022-08-10,1856,7
Marseille,Université,KOCOON L,20,2022-11-16,1690,4
Marseille,École de Commerce,KOCOON XL,19,2022-04-22,1461,5
Marseille,IUT,KABANE,25,2022-12-18,1508,1
Marseille,École de Commerce,KABANE,20,2022-04-18,1530,4
Marseille,École de Commerce,KOCOON,23,2022-02-12,1434,8
Marseille,École Spécialisée,KOCOON L,18,2022-10-28,1694,7
Marseille,IUT,KOCOON XL,19,2022-10-26,1013,10
Marseille,BTS,KASA,25,2022-08-01,1761,5
Marseille,BTS,KOCOON XL,18,2022-03-14,1063,10
Marseille,IUT,KASA,22,2022-09-23,1831,8
Marseille,Université,KOCOON XL,18,2022-10-24,1498,6
Marseille,BTS,KOCOON XL,25,2022-07-05,1953,5
Marseille,École Spécialisée,KOCOON,18,2022-06-01,1604,8
Marseille,École de Commerce,KABANE,24,2022-02-22,1679,7
Marseille,École de Commerce,KABANE,23,2022-03-14,1898,8
Marseille,BTS,KASA,24,2022-12-23,1612,7
Marseille,École Spécialisée,KABANE,23,2022-09-05,1052,8
Marseille,École Spécialisée,KABANE,25,2022-11-14,1292,2
Marseille,École de Commerce,KASA,18,2022-08-24,1488,9
Marseille,BTS,KABANE,25,2022-02-02,1018,6
Marseille,Université,KOCOON L,18,2022-09-17,1504,4
Marseille,Université,KASA,23,2022-09-29,1700,6
Marseille,Université,KABANE,21,2022-07-10,1861,3
Marseille,Université,KOCOON,23,2022-09-20,1390,2
Marseille,Université,KABANE,20,2022-11-18,1523,8
Marseille,IUT,KOCOON L,20,2022-10-06,1942,2
Marseille,BTS,KABANE,18,2022-04-04,1470,7
Marseille,Université,KOCOON L,25,2022-06-08,1833,3
Marseille,École de Commerce,KASA,19,2022-02-24,1047,9
Marseille,École Spécialisée,KABANE,19,2022-02-03,1349,4
Marseille,École Spécialisée,KOCOON XL,23,2022-03-01,1204,8
Marseille,BTS,KASA,25,2022-03-09,1566,4
Marseille,Université,KOCOON L,20,2022-08-26,1284,2
Marseille,IUT,KOCOON XL,18,2022-03-01,1471,8
Marseille,BTS,KOCOON L,24,2022-02-14,1853,4
Marseille,Université,KOCOON L,20,2022-02-16,1898,10
Marseille,École de Commerce,KOCOON,18,2022-12-24,1994,1
Marseille,École de Commerce,KOCOON XL,21,2022-04-01,1336,4
Marseille,Université,KOCOON,24,2022-08-17,1090,4
Marseille,École de Commerce,KOCOON,22,2022-02-17,1664,9
Marseille,École Spécialisée,KABANE,22,2022-04-19,1376,6
Marseille,IUT,KABANE,24,2022-02-02,1083,2
Marseille,IUT,KOCOON XL,19,2022-01-28,1034,6
Marseille,Université,KASA,24,2022-11-30,1088,6
Marseille,Université,KABANE,21,2022-10-26,1986,6
Marseille,BTS,KASA,20,2022-08-23,1108,8
Marseille,BTS,KOCOON L,25,2022-12-17,1089,3
Marseille,École Spécialisée,KOCOON,21,2022-09-27,1887,7
Marseille,École Spécialisée,KABANE,18,2022-10-18,1954,8
Marseille,École de Commerce,KABANE,23,2022-07-15,1351,5
Marseille,BTS,KABANE,18,2022-01-29,1132,10
Marseille,Université,KOCOON L,24,2022-11-20,1188,4
Marseille,IUT,KABANE,21,2022-04-05,1529,10
Marseille,Université,KABANE,25,2022-10-04,1575,5
Marseille,École de Commerce,KABANE,21,2022-03-05,1400,4
Marseille,BTS,KOCOON XL,22,2022-07-24,1414,8
Marseille,École de Commerce,KABANE,20,2022-03-27,1297,9
Marseille,École Spécialisée,KOCOON L,20,2022-10-02,1422,1
Marseille,IUT,KOCOON L,18,2022-04-07,1917,8
Marseille,École de Commerce,KABANE,22,2022-03-05,1995,4
Marseille,IUT,KOCOON,23,2022-06-22,1860,9
Marseille,IUT,KASA,22,2022-12-05,1314,7
Marseille,IUT,KOCOON L,21,2022-10-24,1869,7
Marseille,Université,KABANE,23,2022-10-13,1395,9
Marseille,École de Commerce,KOCOON XL,25,2022-04-03,1917,7
Marseille,Université,KOCOON,23,2022-01-02,1724,9
Marseille,École de Commerce,KOCOON L,22,2022-09-29,1767,9
Marseille,École Spécialisée,KABANE,21,2022-10-03,1201,10
Marseille,BTS,KOCOON L,25,2022-11-24,1692,4
Marseille,IUT,KASA,19,2022-12-28,1574,4
Marseille,École de Commerce,KOCOON,19,2022-07-21,1391,1
Marseille,École de Commerce,KOCOON XL,23,2022-05-20,1339,7
Marseille,École de Commerce,KOCOON XL,23,2022-04-24,1893,8
Marseille,Université,KOCOON,22,2022-03-13,1953,3
Marseille,École de Commerce,KOCOON L,19,2022-07-24,1972,4
Marseille,École Spécialisée,KOCOON XL,22,2022-12-02,1311,4
Marseille,IUT,KASA,21,2022-04-04,1178,4
Marseille,Université,KOCOON,22,2022-04-01,1255,3
Marseille,BTS,KASA,19,2022-04-14,1474,7
Marseille,École Spécialisée,KASA,24,2022-09-06,1628,2
Marseille,École de Commerce,KOCOON L,20,2022-03-27,1968,6
Marseille,BTS,KOCOON XL,25,2022-06-12,1839,4
Marseille,BTS,KABANE,24,2022-10-18,1356,9
Marseille,IUT,KOCOON L,20,2022-12-26,1079,9
Marseille,IUT,KABANE,19,2022-10-27,1811,7
Marseille,IUT,KOCOON L,23,2022-04-26,1077,8
Marseille,Université,KABANE,20,2022-01-20,1645,9
Marseille,BTS,KASA,23,2022-01-16,1004,8
Montpellier,École de Commerce,KOCOON L,23,2022-08-25,1276,2
Montpellier,École de Commerce,KASA,19,2022-05-04,1476,5
Montpellier,Université,KOCOON,24,2022-01-03,1792,6
Montpellier,École Spécialisée,KOCOON XL,23,2022-04-29,1400,8
Montpellier,IUT,KOCOON L,25,2022-05-18,1883,5
Montpellier,IUT,KOCOON,21,2022-04-10,1139,9
Montpellier,École Spécialisée,KOCOON,18,2022-11-14,1059,8
Montpellier,École Spécialisée,KOCOON L,23,2022-09-13,1590,8
Montpellier,BTS,KOCOON,23,2022-10-03,1489,7
Montpellier,IUT,KASA,23,2022-09-24,1731,4
Montpellier,Université,KOCOON,18,2022-08-07,1201,8
Montpellier,IUT,KOCOON,24,2022-02-15,1731,4
Montpellier,IUT,KOCOON XL,19,2022-01-13,1660,7
Montpellier,École Spécialisée,KABANE,22,2022-09-26,1235,8
Montpellier,École Spécialisée,KASA,18,2022-06-06,1941,7
Montpellier,École de Commerce,KASA,22,2022-09-22,1803,6
Montpellier,IUT,KOCOON XL,21,2022-01-07,1958,7
Montpellier,IUT,KOCOON,22,2022-11-19,1312,10
Montpellier,École Spécialisée,KASA,24,2022-05-24,1796,5
Montpellier,École de Commerce,KOCOON XL,23,2022-06-04,1540,2
Montpellier,Université,KABANE,25,2022-06-01,1613,5
Montpellier,Université,KABANE,21,2022-08-03,1526,8
Montpellier,IUT,KABANE,22,2022-04-28,1165,3
Montpellier,BTS,KOCOON L,20,2022-10-27,1913,8
Montpellier,Université,KABANE,21,2022-10-08,1158,9
Montpellier,Université,KASA,19,2022-09-13,1501,7
Montpellier,BTS,KOCOON,23,2022-02-01,1848,4
Montpellier,École de Commerce,KOCOON XL,23,2022-05-18,1399,2
Montpellier,École Spécialisée,KABANE,24,2022-11-13,1659,8
Montpellier,Université,KABANE,23,2022-01-19,1743,8
Montpellier,École de Commerce,KOCOON,18,2022-11-20,1987,7
Montpellier,Université,KABANE,19,2022-05-06,1503,5
Montpellier,École Spécialisée,KASA,22,2022-08-31,1866,8
Montpellier,Université,KOCOON XL,23,2022-05-08,1468,7
Montpellier,École de Commerce,KABANE,18,2022-12-26,1993,6
Montpellier,Université,KOCOON,23,2022-04-24,1930,6
Montpellier,IUT,KASA,23,2022-02-11,1053,9
Montpellier,École de Commerce,KASA,19,2022-04-29,1121,6
Montpellier,Université,KABANE,20,2022-11-08,1914,2
Montpellier,École Spécialisée,KOCOON,24,2022-07-17,1246,1
Montpellier,École Spécialisée,KOCOON L,21,2022-09-19,1233,5
Montpellier,Université,KOCOON L,23,2022-02-11,1734,6
Montpellier,École Spécialisée,KOCOON,22,2022-07-31,1279,7
Montpellier,BTS,KOCOON XL,22,2022-01-11,1168,3
Montpellier,Université,KABANE,23,2022-01-28,1882,7
Montpellier,Université,KABANE,20,2022-11-25,1495,1
Montpellier,École Spécialisée,KASA,20,2022-12-06,1742,3
Montpellier,BTS,KASA,18,2022-09-05,1206,7
Montpellier,BTS,KOCOON,19,2022-06-28,1908,9
Montpellier,BTS,KASA,23,2022-06-03,1241,9
Montpellier,IUT,KABANE,18,2022-05-01,1982,3
Montpellier,BTS,KABANE,23,2022-07-27,1874,5
Montpellier,IUT,KOCOON,19,2022-04-18,1827,3
Montpellier,École Spécialisée,KOCOON XL,18,2022-08-25,1545,5
Montpellier,IUT,KABANE,20,2022-06-29,1491,7
Montpellier,IUT,KOCOON XL,24,2022-06-02,1530,6
Montpellier,IUT,KASA,23,2022-01-18,1808,8
Montpellier,Université,KASA,21,2022-02-23,1213,6
Montpellier,Université,KOCOON,25,2022-04-14,1139,9
Montpellier,Université,KABANE,19,2022-04-29,1215,8
Montpellier,Université,KASA,21,2022-09-13,1112,3
Montpellier,IUT,KOCOON L,23,2022-10-06,1274,10
Montpellier,École de Commerce,KOCOON L,21,2022-02-08,1772,2
Montpellier,BTS,KOCOON,18,2022-03-30,1984,5
Montpellier,École Spécialisée,KOCOON,25,2022-04-30,1314,5
Montpellier,Université,KASA,20,2022-07-17,1885,5
Montpellier,École de Commerce,KOCOON,19,2022-08-19,1406,5
Montpellier,École de Commerce,KASA,24,2022-05-02,1114,2
Montpellier,École Spécialisée,KOCOON XL,21,2022-04-23,1832,5
Montpellier,BTS,KABANE,20,2022-03-02,1655,6
Montpellier,BTS,KOCOON L,25,2022-12-28,1690,6
Montpellier,École Spécialisée,KOCOON,24,2022-12-15,1275,3
Montpellier,École Spécialisée,KOCOON L,24,2022-03-11,1850,7
Montpellier,École Spécialisée,KASA,22,2022-08-31,1244,7
Montpellier,BTS,KOCOON XL,25,2022-06-24,1835,7
Montpellier,Université,KABANE,22,2022-04-29,1886,9
Montpellier,École de Commerce,KOCOON,21,2022-07-04,1397,2
Montpellier,École de Commerce,KABANE,25,2022-07-23,1571,8
Montpellier,BTS,KASA,25,2022-12-25,1046,10
Montpellier,IUT,KOCOON L,20,2022-08-23,1416,9
Montpellier,École Spécialisée,KOCOON L,24,2022-10-14,1019,8
Montpellier,IUT,KASA,25,2022-10-21,1284,5
Montpellier,École Spécialisée,KASA,22,2022-04-07,1930,6
Montpellier,École de Commerce,KOCOON L,18,2022-03-23,1376,6
Montpellier,IUT,KOCOON L,19,2022-08-04,1235,3
Montpellier,IUT,KOCOON XL,25,2022-12-20,1380,6
Montpellier,IUT,KOCOON,23,2022-09-28,1664,7
Paris,BTS,KASA,24,2022-03-17,1791,2
Paris,Université,KASA,21,2022-04-18,1057,1
Paris,IUT,KOCOON XL,22,2022-09-17,1892,5
Paris,IUT,KABANE,24,2022-01-29,1205,4
Paris,École Spécialisée,KASA,23,2022-11-24,1116,2
Paris,IUT,KABANE,22,2022-12-24,1894,9
Paris,Université,KOCOON XL,19,2022-12-23,1914,2
Paris,BTS,KABANE,20,2022-01-22,1047,6
Paris,IUT,KOCOON,18,2022-04-27,1731,8
Paris,Université,KOCOON XL,24,2022-03-26,1387,10
Paris,Université,KOCOON XL,22,2022-12-11,1093,2
Paris,École de Commerce,KABANE,18,2022-08-27,1851,6
Paris,Université,KOCOON XL,23,2022-01-30,1632,8
Paris,Université,KOCOON,22,2022-03-04,1951,1
Paris,Université,KOCOON L,24,2022-11-06,1699,1
Paris,IUT,KASA,24,2022-02-09,1088,9
Paris,École Spécialisée,KOCOON,19,2022-10-24,1188,4
Paris,École de Commerce,KOCOON,19,2022-05-23,1522,8
Paris,Université,KASA,25,2022-08-27,1696,9
Paris,Université,KOCOON XL,19,2022-04-02,1164,9
Paris,BTS,KOCOON XL,24,2022-08-09,1983,7
Paris,École de Commerce,KOCOON,21,2022-09-08,1773,1
Paris,Université,KABANE,25,2022-12-13,1757,6
Paris,École Spécialisée,KOCOON XL,25,2022-12-19,1934,3
Paris,École de Commerce,KASA,25,2022-12-23,1031,7
Paris,BTS,KOCOON L,19,2022-01-17,1775,3
Paris,BTS,KOCOON,20,2022-08-14,1436,3
Paris,Université,KOCOON L,19,2022-10-29,1557,5
Paris,IUT,KOCOON,24,2022-12-07,1057,7
Paris,IUT,KOCOON XL,23,2022-08-21,1328,5
Paris,IUT,KASA,24,2022-12-24,1086,10
Paris,BTS,KOCOON,21,2022-06-02,1418,6
Paris,École de Commerce,KOCOON,22,2022-03-18,1364,2
Paris,Université,KOCOON L,21,2022-01-11,1463,4
Paris,IUT,KASA,23,2022-09-03,1759,9
Paris,École de Commerce,KOCOON XL,19,2022-09-04,1676,5
Paris,Université,KOCOON,20,2022-09-30,1991,3
Paris,École Spécialisée,KOCOON XL,19,2022-08-23,1788,6
Paris,IUT,KOCOON XL,24,2022-07-31,1226,1
Paris,Université,KASA,21,2022-12-10,1839,4
Paris,École Spécialisée,KOCOON L,23,2022-09-27,1163,8
Paris,Université,KOCOON L,18,2022-03-08,1243,4
Paris,École Spécialisée,KOCOON L,20,2022-04-24,1528,8
Paris,École Spécialisée,KABANE,25,2022-03-04,1009,6
Paris,École Spécialisée,KOCOON,19,2022-12-21,1560,4
Paris,École de Commerce,KABANE,25,2022-07-25,1496,8
Paris,Université,KASA,21,2022-03-08,1831,7
Paris,École de Commerce,KABANE,22,2022-10-25,1717,5
Paris,BTS,KASA,22,2022-10-22,1440,4
Paris,IUT,KOCOON,20,2022-10-31,1174,4
Paris,École de Commerce,KOCOON,25,2022-12-01,1292,3
Paris,École Spécialisée,KASA,24,2022-07-17,1840,8
Paris,BTS,KOCOON XL,24,2022-01-24,1327,4
Paris,École de Commerce,KABANE,25,2022-07-24,1968,1
Paris,École Spécialisée,KOCOON,25,2022-12-03,1134,9
Paris,École Spécialisée,KABANE,19,2022-09-16,1893,7
Paris,Université,KASA,22,2022-09-07,1563,7
Paris,École Spécialisée,KOCOON L,19,2022-12-20,1607,4
Paris,École Spécialisée,KOCOON L,24,2022-01-16,1316,10
Paris,École de Commerce,KABANE,23,2022-07-31,1769,4
Paris,IUT,KOCOON XL,19,2022-06-17,1783,4
Paris,IUT,KOCOON XL,23,2022-02-05,1505,6
Paris,IUT,KABANE,19,2022-12-15,1432,4
Paris,Université,KOCOON XL,25,2022-06-28,1086,8
Paris,Université,KOCOON L,19,2022-09-22,1853,8
Paris,École de Commerce,KOCOON L,19,2022-02-08,1428,4
Paris,Université,KOCOON,20,2022-09-17,1298,9
Paris,École de Commerce,KABANE,24,2022-12-23,1652,7
Paris,Université,KOCOON L,19,2022-01-22,1283,3
Paris,IUT,KOCOON,19,2022-10-12,1001,5
Paris,École de Commerce,KABANE,23,2022-08-01,1803,9
Paris,IUT,KABANE,24,2022-02-10,1955,6
Paris,IUT,KOCOON,18,2022-12-11,1866,5
Paris,Université,KASA,25,2022-11-15,1620,1
Paris,Université,KASA,24,2022-07-19,1388,7
Paris,BTS,KOCOON L,23,2022-08-19,1156,7
Paris,École Spécialisée,KASA,24,2022-03-17,1472,2
Paris,BTS,KOCOON L,18,2022-10-02,1391,2
Paris,BTS,KOCOON L,18,2022-04-18,1652,2
Paris,BTS,KOCOON XL,25,2022-10-30,1364,8
Paris,École Spécialisée,KOCOON XL,24,2022-05-20,1071,6
Paris,IUT,KABANE,18,2022-05-03,1251,7
Paris,IUT,KOCOON,19,2022-07-29,1596,7
Paris,École de Commerce,KOCOON XL,24,2022-04-26,1374,10
Paris,École Spécialisée,KABANE,21,2022-10-07,1733,10
Paris,IUT,KABANE,24,2022-03-07,1859,2
Paris,École Spécialisée,KOCOON,20,2022-11-04,1660,3
Paris,Université,KOCOON,21,2022-01-30,1011,5
Paris,École Spécialisée,KOCOON L,24,2022-04-29,1532,7
Paris,BTS,KABANE,18,2022-05-03,1190,9
Paris,IUT,KOCOON L,23,2022-01-13,1646,8
Paris,École de Commerce,KASA,18,2022-10-01,1562,4
Paris,BTS,KASA,18,2022-12-15,1635,1
Paris,École Spécialisée,KOCOON,21,2022-07-20,1373,6
Paris,Université,KASA,19,2022-05-31,1844,4
Paris,École de Commerce,KOCOON L,24,2022-01-02,1276,6
Paris,IUT,KOCOON,18,2022-01-29,1387,2
Paris,Université,KOCOON L,25,2022-08-31,1768,9
Paris,Université,KOCOON L,24,2022-01-18,1153,9
Paris,Université,KOCOON XL,22,2022-05-18,1123,9
Paris,IUT,KOCOON L,18,2022-04-18,1698,9
Paris,École Spécialisée,KOCOON,19,2022-02-14,1837,10
Paris,École de Commerce,KOCOON L,24,2022-08-22,1766,6
Paris,IUT,KASA,24,2022-07-03,1983,5
Reims,École de Commerce,KOCOON XL,18,2022-06-24,1065,7
Reims,École Spécialisée,KABANE,24,2022-10-17,1540,8
Reims,Université,KOCOON XL,25,2022-03-22,1319,4
Reims,École de Commerce,KABANE,21,2022-09-01,1239,2
Reims,Université,KOCOON L,21,2022-09-24,1447,2
Reims,École Spécialisée,KABANE,21,2022-09-18,1974,7
Reims,École de Commerce,KASA,25,2022-01-06,1031,5
Reims,Université,KABANE,25,2022-12-08,1301,4
Reims,IUT,KOCOON,20,2022-06-11,1926,10
Reims,BTS,KOCOON L,22,2022-02-18,1326,6
Reims,École Spécialisée,KABANE,25,2022-11-23,1966,8
Reims,École Spécialisée,KABANE,22,2022-06-05,1272,8
Reims,BTS,KASA,21,2022-06-21,1053,1
Reims,IUT,KASA,21,2022-11-20,1630,5
Reims,École de Commerce,KABANE,20,2022-02-21,1034,10
Reims,École Spécialisée,KABANE,24,2022-03-07,1414,7
Reims,IUT,KOCOON,24,2022-09-03,1159,3
Reims,École Spécialisée,KASA,25,2022-05-11,1254,10
Reims,IUT,KASA,24,2022-02-03,1815,7
Reims,IUT,KOCOON,23,2022-12-21,1999,10
Reims,École de Commerce,KABANE,20,2022-01-29,1370,3
Reims,IUT,KOCOON,22,2022-11-25,1954,7
Reims,École de Commerce,KASA,21,2022-01-24,1672,9
Reims,École Spécialisée,KOCOON L,22,2022-07-18,1096,9
Reims,École de Commerce,KASA,24,2022-10-25,1439,7
Reims,Université,KABANE,21,2022-01-10,1766,10
Reims,Université,KOCOON L,23,2022-06-06,1029,7
Reims,École de Commerce,KASA,23,2022-02-01,1903,5
Reims,École de Commerce,KASA,25,2022-09-13,1063,10
Reims,BTS,KASA,21,2022-06-03,1260,7
Reims,BTS,KASA,20,2022-06-30,1500,8
Reims,IUT,KOCOON XL,25,2022-09-29,1157,4
Reims,École Spécialisée,KABANE,23,2022-05-15,1547,9
Reims,BTS,KASA,19,2022-11-11,1121,10
Reims,École Spécialisée,KOCOON,22,2022-09-14,1409,7
Reims,École de Commerce,KOCOON L,24,2022-11-22,1894,2
Reims,IUT,KABANE,22,2022-03-14,1274,2
Reims,École Spécialisée,KOCOON,24,2022-10-22,1584,7
Reims,Université,KOCOON L,24,2022-06-30,1562,10
Reims,École Spécialisée,KOCOON XL,22,2022-11-06,1665,10
Reims,École de Commerce,KASA,24,2022-08-16,1513,7
Reims,École de Commerce,KABANE,25,2022-05-28,1016,4
Reims,École Spécialisée,KOCOON L,21,2022-11-23,1924,2
Reims,École de Commerce,KASA,25,2022-04-14,1957,8
Reims,BTS,KOCOON L,23,2022-01-19,1075,10
Reims,IUT,KABANE,18,2022-12-12,1596,7
Reims,IUT,KOCOON,25,2022-06-26,1224,10
Reims,IUT,KOCOON XL,23,2022-12-12,1647,4
Reims,École Spécialisée,KASA,22,2022-09-02,1242,6
Reims,Université,KABANE,23,2022-11-02,1963,7
Reims,École de Commerce,KOCOON,24,2022-07-25,1438,4
Reims,Université,KABANE,22,2022-09-27,1682,5
Reims,École de Commerce,KOCOON XL,20,2022-02-08,1267,9
Reims,École de Commerce,KASA,22,2022-03-14,1226,10
Reims,Université,KABANE,22,2022-02-24,1148,2
Reims,École de Commerce,KABANE,24,2022-12-13,1326,1
Reims,École Spécialisée,KOCOON L,20,2022-09-26,1507,9
Reims,École de Commerce,KASA,23,2022-09-22,1265,7
Reims,IUT,KOCOON L,25,2022-11-27,1671,7
Reims,École de Commerce,KOCOON,25,2022-05-28,1102,7
Reims,Université,KOCOON XL,23,2022-07-06,1860,5
Reims,École Spécialisée,KOCOON L,19,2022-06-15,1361,9
Reims,École Spécialisée,KOCOON L,20,2022-10-04,1865,8
Reims,IUT,KOCOON XL,25,2022-08-04,1436,7
Reims,École Spécialisée,KOCOON,20,2022-08-14,1929,4
Reims,IUT,KASA,18,2022-06-25,1794,8
Reims,IUT,KOCOON XL,20,2022-12-13,1945,7
Reims,IUT,KOCOON,19,2022-03-29,1310,2
Reims,École de Commerce,KOCOON L,24,2022-03-25,1055,1
Reims,Université,KASA,20,2022-07-20,1398,4
Reims,École de Commerce,KOCOON,23,2022-12-18,1558,2
Reims,Université,KOCOON L,25,2022-06-28,1214,4
Reims,Université,KASA,25,2022-02-16,1571,5
Rennes,IUT,KASA,20,2022-05-26,1935,4
Rennes,École de Commerce,KOCOON L,21,2022-05-17,1393,5
Rennes,École de Commerce,KOCOON XL,21,2022-04-09,1437,5
Rennes,BTS,KASA,22,2022-06-04,1100,7
Rennes,IUT,KASA,22,2022-05-20,1266,8
Rennes,Université,KOCOON,23,2022-07-02,1623,6
Rennes,Université,KASA,22,2022-12-15,1752,8
Rennes,BTS,KOCOON XL,23,2022-06-05,1470,8
Rennes,Université,KOCOON XL,18,2022-05-24,1844,6
Rennes,Université,KOCOON,21,2022-08-22,1135,8
Rennes,Université,KOCOON XL,21,2022-09-04,1212,6
Rennes,École de Commerce,KASA,18,2022-12-17,1412,3
Rennes,Université,KOCOON,18,2022-01-05,1854,7
Rennes,École Spécialisée,KASA,25,2022-11-02,1388,3
Rennes,École Spécialisée,KASA,23,2022-07-30,1128,7
Rennes,École Spécialisée,KOCOON XL,22,2022-04-23,1179,9
Rennes,Université,KOCOON XL,25,2022-08-18,1839,1
Rennes,Université,KOCOON XL,18,2022-04-17,1840,2
Rennes,Université,KABANE,25,2022-08-29,1148,4
Rennes,École de Commerce,KOCOON XL,25,2022-06-11,1916,7
Rennes,IUT,KABANE,20,2022-12-16,1052,7
Rennes,École de Commerce,KABANE,25,2022-01-08,1801,8
Rennes,Université,KOCOON L,22,2022-03-31,1525,10
Rennes,BTS,KABANE,23,2022-05-14,1340,10
Rennes,IUT,KASA,22,2022-03-13,2000,7
Rennes,École Spécialisée,KOCOON L,18,2022-12-09,1395,4
Rennes,Université,KOCOON L,20,2022-04-26,1713,8
Rennes,Université,KABANE,25,2022-09-21,1865,6
Rennes,Université,KOCOON L,25,2022-07-08,1376,10
Rennes,École Spécialisée,KOCOON,25,2022-07-18,1345,8
Rennes,Université,KOCOON,25,2022-03-27,1266,8
Rennes,École Spécialisée,KOCOON,19,2022-11-04,1946,6
Rennes,École de Commerce,KASA,18,2022-03-21,1838,2
Rennes,École de Commerce,KASA,22,2022-07-14,1251,8
Rennes,BTS,KOCOON L,18,2022-02-08,1859,9
Rennes,BTS,KOCOON L,20,2022-03-24,1167,2
Rennes,IUT,KASA,18,2022-04-10,1669,3
Rennes,BTS,KABANE,22,2022-10-05,1828,5
Rennes,École Spécialisée,KOCOON XL,22,2022-01-24,1377,8
Rennes,Université,KABANE,24,2022-08-14,1919,4
Rennes,BTS,KABANE,25,2022-03-20,1819,5
Rennes,École de Commerce,KOCOON XL,19,2022-08-31,1071,9
Rennes,École de Commerce,KOCOON,21,2022-11-03,1653,6
Rennes,École de Commerce,KOCOON XL,18,2022-10-18,1229,7
Rennes,IUT,KOCOON XL,18,2022-08-19,1935,4
Rennes,École Spécialisée,KASA,20,2022-06-11,1172,6
Rennes,Université,KOCOON XL,25,2022-12-22,1604,10
Rennes,École de Commerce,KOCOON L,20,2022-01-06,1395,4
Rennes,IUT,KABANE,22,2022-10-22,1778,9
Rennes,IUT,KOCOON L,19,2022-11-13,1589,6
Rennes,École Spécialisée,KABANE,19,2022-12-31,1303,6
Rennes,IUT,KABANE,18,2022-05-25,1050,5
Rennes,Université,KASA,23,2022-12-13,1067,3
Rennes,BTS,KOCOON XL,24,2022-08-17,1409,7
Rennes,École de Commerce,KOCOON XL,19,2022-06-20,1165,8
Rennes,IUT,KASA,18,2022-10-06,1513,8
Rennes,École Spécialisée,KASA,24,2022-09-15,1668,6
Rennes,École de Commerce,KOCOON L,19,2022-01-06,1576,8
Rennes,École Spécialisée,KASA,23,2022-03-31,1719,8
Rennes,BTS,KABANE,23,2022-06-05,1411,7
Rennes,IUT,KOCOON XL,20,2022-11-07,1050,6
Rennes,École de Commerce,KABANE,18,2022-11-12,1430,1
Rennes,École Spécialisée,KOCOON XL,18,2022-07-16,1888,1
Rennes,École de Commerce,KABANE,20,2022-10-10,1440,6
Rennes,École de Commerce,KOCOON L,21,2022-01-07,1902,10
Rennes,École de Commerce,KOCOON,18,2022-05-06,1741,4
Rennes,BTS,KABANE,23,2022-03-31,1335,9
Rennes,École de Commerce,KABANE,18,2022-01-07,1125,7
Rennes,École de Commerce,KOCOON XL,25,2022-10-05,1910,9
Rennes,BTS,KABANE,21,2022-07-20,1445,7
Rennes,BTS,KOCOON XL,24,2022-10-08,1618,8
Rennes,Université,KOCOON XL,20,2022-04-16,1961,9
Rennes,École de Commerce,KABANE,24,2022-04-13,1830,8
Rennes,École Spécialisée,KOCOON L,23,2022-03-07,1053,5
Rennes,École Spécialisée,KOCOON L,24,2022-03-13,1179,2
Rennes,Université,KASA,22,2022-11-26,1087,6
Rennes,Université,KOCOON,22,2022-09-03,1467,8
Rennes,École Spécialisée,KASA,23,2022-01-25,1432,4
Rennes,École de Commerce,KOCOON XL,19,2022-12-03,1083,5
Rennes,Université,KABANE,18,2022-11-22,1027,8
Rennes,École de Commerce,KOCOON XL,21,2022-01-17,1283,8
Rennes,École Spécialisée,KABANE,21,2022-12-23,1699,2
Rennes,BTS,KABANE,20,2022-10-12,1024,6
Rennes,École Spécialisée,KOCOON XL,21,2022-09-08,1662,8
Rennes,BTS,KABANE,22,2022-06-14,1514,7
Rennes,École Spécialisée,KASA,20,2022-04-20,1386,9
Rennes,École Spécialisée,KASA,21,2022-12-03,1468,9
Rennes,École de Commerce,KASA,20,2022-11-16,1367,7
Rennes,Université,KOCOON L,18,2022-01-29,1832,8
Rennes,BTS,KOCOON L,22,2022-01-31,1906,7
Rennes,École de Commerce,KOCOON XL,23,2022-12-22,1582,10
Rennes,École de Commerce,KOCOON,23,2022-05-25,1488,7
Rennes,IUT,KOCOON L,23,2022-11-12,1132,10
Rennes,École Spécialisée,KASA,23,2022-07-13,1504,5
Rennes,École Spécialisée,KASA,20,2022-07-13,1876,3
Rennes,École Spécialisée,KABANE,19,2022-09-08,1748,10
Rennes,BTS,KASA,24,2022-03-09,1959,4
Rennes,École de Commerce,KOCOON,25,2022-06-06,1002,5
Rennes,École Spécialisée,KABANE,18,2022-09-04,1054,5
Rennes,Université,KASA,25,2022-07-25,1904,8
Rennes,Université,KASA,24,2022-09-11,1230,4
Rennes,Université,KABANE,21,2022-09-05,1700,8
Rennes,École de Commerce,KOCOON,24,2022-02-02,1620,7
Rennes,École de Commerce,KOCOON,19,2022-10-20,1302,5
Rennes,École de Commerce,KOCOON L,22,2022-11-12,1454,8
Rennes,Université,KOCOON L,18,2022-04-14,1102,9
Rennes,BTS,KOCOON L,18,2022-03-11,1152,8
Rennes,École Spécialisée,KOCOON XL,21,2022-04-15,1759,8
Rennes,Université,KOCOON XL,20,2022-01-01,1899,8
Rennes,École de Commerce,KOCOON,23,2022-12-19,1293,10
Rennes,Université,KABANE,20,2022-07-11,1828,9
Rennes,BTS,KOCOON XL,24,2022-05-23,1902,4
Rennes,IUT,KOCOON,23,2022-03-25,1279,1
Rennes,École de Commerce,KOCOON XL,25,2022-07-21,1603,8
Rennes,Université,KOCOON L,20,2022-05-10,1887,8
Rennes,École de Commerce,KABANE,20,2022-01-21,1879,9
Rennes,BTS,KOCOON XL,21,2022-12-13,1960,5
Rennes,Université,KASA,19,2022-08-14,1991,2
Rennes,IUT,KOCOON L,19,2022-09-08,1890,9
Rennes,École Spécialisée,KOCOON,20,2022-09-11,1518,9
Rennes,IUT,KABANE,24,2022-02-26,1577,4
Rennes,BTS,KABANE,21,2022-04-30,1854,6
Rennes,BTS,KOCOON,22,2022-03-07,1736,6
Rouen,IUT,KOCOON XL,22,2022-04-12,1312,7
Rouen,Université,KASA,24,2022-12-22,1065,10
Rouen,BTS,KASA,22,2022-10-14,1625,10
Rouen,BTS,KOCOON L,20,2022-08-21,1399,4
Rouen,BTS,KASA,19,2022-05-25,1280,4
Rouen,École de Commerce,KASA,25,2022-04-05,1418,8
Rouen,BTS,KOCOON,20,2022-04-12,1362,8
Rouen,BTS,KOCOON XL,21,2022-01-05,1235,6
Rouen,École de Commerce,KABANE,25,2022-01-25,1631,6
Rouen,École Spécialisée,KOCOON,22,2022-10-02,1657,3
Rouen,École Spécialisée,KOCOON,18,2022-06-11,1429,9
Rouen,École Spécialisée,KABANE,21,2022-08-13,1337,6
Rouen,École de Commerce,KOCOON XL,20,2022-09-28,1932,6
Rouen,École de Commerce,KOCOON,18,2022-09-09,1645,10
Rouen,École Spécialisée,KASA,18,2022-12-20,1679,2
Rouen,BTS,KOCOON L,20,2022-09-08,1792,7
Rouen,École de Commerce,KABANE,21,2022-11-18,1934,6
Rouen,BTS,KABANE,24,2022-09-27,1142,5
Rouen,Université,KASA,24,2022-08-27,1783,8
Rouen,IUT,KABANE,25,2022-12-09,1353,9
Rouen,Université,KABANE,18,2022-03-14,1605,7
Rouen,École de Commerce,KASA,18,2022-08-13,1996,6
Rouen,École Spécialisée,KOCOON,23,2022-12-21,1337,5
Rouen,École de Commerce,KASA,19,2022-08-10,1872,6
Rouen,IUT,KOCOON XL,24,2022-01-29,1645,10
Rouen,Université,KOCOON XL,25,2022-02-19,1506,8
Rouen,BTS,KOCOON,19,2022-11-04,1224,8
Rouen,Université,KABANE,18,2022-05-12,1748,6
Rouen,IUT,KOCOON XL,23,2022-08-18,1624,5
Rouen,IUT,KASA,18,2022-08-09,1333,4
Rouen,IUT,KOCOON L,18,2022-01-17,1564,4
Rouen,École Spécialisée,KOCOON XL,24,2022-10-26,1769,5
Rouen,École de Commerce,KOCOON,19,2022-03-24,1024,5
Rouen,Université,KOCOON,22,2022-12-03,1839,8
Rouen,BTS,KOCOON,23,2022-08-12,1327,1
Rouen,École Spécialisée,KABANE,20,2022-02-03,1959,2
Rouen,IUT,KOCOON XL,25,2022-11-25,1946,6
Rouen,École Spécialisée,KABANE,22,2022-03-17,1559,3
Rouen,Université,KASA,20,2022-10-31,1606,7
Rouen,Université,KOCOON L,21,2022-05-18,1129,9
Rouen,IUT,KABANE,22,2022-07-05,1117,8
Rouen,École Spécialisée,KABANE,25,2022-05-03,1214,2
Rouen,IUT,KOCOON L,24,2022-06-25,1654,3
Rouen,École de Commerce,KOCOON XL,21,2022-01-05,1681,10
Rouen,IUT,KABANE,21,2022-05-19,1676,2
Rouen,Université,KOCOON,19,2022-06-27,1472,8
Rouen,BTS,KOCOON L,24,2022-03-28,1274,6
Rouen,École de Commerce,KOCOON,25,2022-07-01,1077,10
Rouen,IUT,KOCOON,20,2022-09-23,1806,5
Rouen,BTS,KABANE,24,2022-05-18,1214,4
Rouen,École Spécialisée,KOCOON XL,25,2022-09-11,1691,4
Rouen,IUT,KASA,23,2022-04-27,1946,10
Rouen,IUT,KASA,18,2022-06-16,1505,2
Rouen,IUT,KOCOON L,22,2022-04-20,1476,8
Rouen,IUT,KASA,23,2022-03-12,1330,8
Rouen,BTS,KOCOON,25,2022-05-12,1560,6
Rouen,École Spécialisée,KOCOON XL,22,2022-06-06,1418,9
Rouen,École de Commerce,KOCOON,18,2022-12-30,1151,4
Rouen,BTS,KOCOON XL,23,2022-11-28,1666,8
Rouen,BTS,KABANE,22,2022-01-31,1549,10
Rouen,IUT,KOCOON L,21,2022-02-10,1718,5
Rouen,BTS,KOCOON L,25,2022-10-24,1679,3
Rouen,Université,KOCOON,20,2022-03-27,1084,5
Rouen,BTS,KOCOON XL,18,2022-11-12,1633,7
Rouen,École Spécialisée,KASA,24,2022-08-13,1650,9
Rouen,IUT,KOCOON L,23,2022-12-08,1126,5
Rouen,École de Commerce,KASA,18,2022-10-01,1072,4
Rouen,BTS,KABANE,23,2022-11-28,1806,9
Rouen,École de Commerce,KABANE,18,2022-07-29,1886,10
Rouen,École Spécialisée,KASA,20,2022-09-04,1497,2
Rouen,École de Commerce,KOCOON,18,2022-11-18,1812,8
Rouen,BTS,KABANE,23,2022-08-16,1907,10
Rouen,IUT,KASA,20,2022-11-04,1996,7
Rouen,École Spécialisée,KOCOON XL,24,2022-07-04,1947,4
Rouen,IUT,KOCOON,21,2022-07-03,1423,9
Rouen,IUT,KOCOON XL,21,2022-07-21,1297,1
Rouen,École Spécialisée,KOCOON XL,20,2022-03-01,1180,2
Rouen,IUT,KOCOON L,21,2022-08-30,1305,9
Rouen,École Spécialisée,KOCOON XL,23,2022-06-24,1646,4
Rouen,Université,KOCOON XL,19,2022-02-27,1592,1
Rouen,École Spécialisée,KOCOON L,20,2022-03-06,1671,9
Rouen,École de Commerce,KOCOON L,18,2022-09-30,1000,5
Rouen,IUT,KASA,21,2022-08-26,1789,1
Rouen,École de Commerce,KASA,24,2022-07-22,1564,6
Rouen,BTS,KASA,22,2022-01-26,1658,10
Rouen,IUT,KABANE,23,2022-04-08,1597,9
Rouen,BTS,KOCOON XL,18,2022-06-05,1796,8
Rouen,Université,KOCOON XL,21,2022-06-30,1789,1
Rouen,BTS,KOCOON,21,2022-02-17,1403,2
Rouen,École de Commerce,KOCOON XL,22,2022-07-27,1824,3
Rouen,École de Commerce,KOCOON XL,22,2022-04-15,1732,2
Rouen,École de Commerce,KOCOON XL,23,2022-06-12,1696,5
Rouen,BTS,KOCOON,25,2022-02-08,1084,10
Rouen,IUT,KABANE,23,2022-12-30,1635,3
Rouen,BTS,KABANE,18,2022-01-30,1824,5
Rouen,BTS,KASA,22,2022-12-04,1706,4
Rouen,Université,KOCOON,23,2022-10-29,1763,10
Rouen,BTS,KOCOON L,21,2022-05-23,1024,8
Rouen,BTS,KABANE,22,2022-02-26,1926,6
Rouen,BTS,KOCOON XL,22,2022-09-19,1318,3
Rouen,École de Commerce,KOCOON XL,20,2022-09-12,1631,1
Rouen,École de Commerce,KOCOON,23,2022-03-27,1095,4
Rouen,Université,KOCOON L,18,2022-03-14,1245,10
Rouen,École de Commerce,KOCOON,25,2022-10-24,1954,7
Rouen,École de Commerce,KASA,22,2022-05-06,1213,3
Rouen,BTS,KOCOON L,21,2022-02-12,1188,9
Rouen,École Spécialisée,KASA,19,2022-03-28,1801,10
Rouen,Université,KASA,18,2022-04-01,1602,8
Rouen,Université,KOCOON L,25,2022-12-31,1471,1
Rouen,École de Commerce,KABANE,24,2022-04-25,1475,9
Rouen,BTS,KOCOON,20,2022-08-23,1560,5
Rouen,École de Commerce,KOCOON XL,22,2022-11-28,1093,4
Rouen,BTS,KOCOON,25,2022-05-26,1081,5
Rouen,Université,KOCOON XL,19,2022-06-11,1771,3
Rouen,IUT,KOCOON,19,2022-12-29,1537,4
Rouen,IUT,KABANE,22,2022-03-22,1934,4
Rouen,Université,KOCOON XL,18,2022-04-26,1808,4
Rouen,BTS,KOCOON L,22,2022-11-12,1371,6
Rouen,IUT,KOCOON L,22,2022-01-04,1980,7
Saclay,BTS,KABANE,22,2022-10-06,1406,8
Saclay,BTS,KASA,23,2022-07-01,1068,7
Saclay,École Spécialisée,KASA,19,2022-09-09,1762,6
Saclay,Université,KABANE,23,2022-06-23,1031,8
Saclay,IUT,KOCOON XL,24,2022-05-06,1927,3
Saclay,École de Commerce,KOCOON XL,18,2022-07-18,1349,4
Saclay,Université,KOCOON XL,18,2022-08-16,1905,9
Saclay,BTS,KABANE,18,2022-01-23,1368,3
Saclay,École Spécialisée,KOCOON,22,2022-11-16,1644,7
Saclay,Université,KOCOON,21,2022-02-05,1847,9
Saclay,BTS,KOCOON L,23,2022-08-10,1786,3
Saclay,Université,KOCOON L,25,2022-01-03,1036,10
Saclay,Université,KASA,18,2022-06-04,1228,2
Saclay,École Spécialisée,KOCOON XL,22,2022-11-30,1807,2
Saclay,BTS,KOCOON,19,2022-12-25,1402,5
Saclay,IUT,KOCOON L,24,2022-03-11,1993,7
Saclay,BTS,KOCOON XL,25,2022-11-15,1318,7
Saclay,BTS,KOCOON L,21,2022-10-05,1578,5
Saclay,BTS,KOCOON L,22,2022-01-05,1461,5
Saclay,École Spécialisée,KOCOON L,18,2022-02-15,1476,6
Saclay,Université,KOCOON L,21,2022-03-30,1027,8
Saclay,École Spécialisée,KOCOON XL,19,2022-08-27,1466,9
Saclay,École Spécialisée,KOCOON XL,25,2022-11-25,1324,7
Saclay,École Spécialisée,KASA,18,2022-11-22,1602,8
Saclay,Université,KOCOON,18,2022-03-27,1957,5
Saclay,École de Commerce,KOCOON L,20,2022-05-21,1658,3
Saclay,École Spécialisée,KOCOON XL,20,2022-04-12,1198,6
Saclay,École Spécialisée,KABANE,25,2022-07-29,1331,5
Saclay,IUT,KOCOON L,21,2022-09-01,1787,2
Saclay,BTS,KOCOON,24,2022-07-22,1039,3
Saclay,École Spécialisée,KOCOON XL,19,2022-11-09,1155,10
Saclay,BTS,KOCOON XL,23,2022-12-10,1025,5
Saclay,BTS,KASA,21,2022-06-18,1226,4
Saclay,IUT,KOCOON XL,20,2022-04-30,1353,7
Saclay,IUT,KASA,22,2022-07-17,1109,4
Saclay,École de Commerce,KOCOON L,23,2022-09-15,1082,4
Saclay,BTS,KASA,23,2022-03-23,1338,2
Saclay,IUT,KABANE,22,2022-10-11,1349,7
Saclay,IUT,KOCOON L,19,2022-08-09,1804,6
Saclay,Université,KOCOON XL,23,2022-04-14,1850,7
Saclay,IUT,KOCOON L,21,2022-01-06,1675,4
Saclay,IUT,KOCOON L,24,2022-05-07,1699,4
Saclay,BTS,KOCOON,21,2022-12-13,1233,6
Saclay,IUT,KOCOON L,22,2022-02-26,1974,8
Saclay,IUT,KOCOON L,20,2022-06-01,1787,8
Saclay,École de Commerce,KOCOON,20,2022-12-01,1627,7
Saclay,IUT,KABANE,25,2022-11-12,1279,6
Saclay,IUT,KOCOON,22,2022-10-08,1395,7
Saclay,École Spécialisée,KOCOON L,25,2022-10-06,1650,7
Saclay,BTS,KOCOON L,23,2022-11-02,1077,5
Saclay,Université,KASA,19,2022-01-22,1569,9
Saclay,Université,KOCOON L,20,2022-10-15,1116,4
Saclay,École Spécialisée,KOCOON,19,2022-05-28,1160,4
Saclay,École Spécialisée,KASA,21,2022-04-17,1373,9
Saclay,Université,KOCOON XL,25,2022-06-27,1428,8
Saclay,Université,KOCOON XL,24,2022-05-25,1837,5
Saclay,École de Commerce,KOCOON,18,2022-05-26,1865,2
Saclay,Université,KOCOON XL,21,2022-07-10,1478,2
Saclay,IUT,KOCOON XL,18,2022-01-17,1329,9
Saclay,École Spécialisée,KOCOON XL,19,2022-11-18,1005,5
Saclay,IUT,KOCOON,18,2022-08-18,1371,6
Saclay,École Spécialisée,KOCOON XL,23,2022-02-18,1074,7
Saclay,École Spécialisée,KOCOON XL,25,2022-09-22,1124,2
Saclay,École Spécialisée,KOCOON,24,2022-08-13,1115,7
Saclay,École de Commerce,KOCOON L,24,2022-09-11,1198,2
Saclay,Université,KOCOON XL,23,2022-03-27,1952,4
Saclay,Université,KOCOON L,19,2022-03-05,1602,6
Saclay,IUT,KOCOON L,18,2022-02-05,1819,5
Saclay,BTS,KOCOON L,23,2022-02-09,1217,8
Saclay,BTS,KOCOON,19,2022-12-10,1884,4
Saclay,École Spécialisée,KASA,23,2022-05-24,1732,5
Saclay,BTS,KOCOON XL,22,2022-08-18,1667,5
Saclay,École de Commerce,KOCOON XL,22,2022-11-21,1499,2
Saclay,IUT,KOCOON XL,23,2022-11-20,1714,9
Saclay,IUT,KASA,25,2022-07-26,1982,2
Saclay,BTS,KABANE,22,2022-06-22,1709,3
Saclay,Université,KOCOON XL,24,2022-04-07,1043,2
Saclay,BTS,KOCOON L,21,2022-06-24,1921,7
Saclay,École de Commerce,KABANE,24,2022-01-27,1166,4
Toulouse,École Spécialisée,KOCOON L,22,2022-11-11,1604,10
Toulouse,BTS,KOCOON L,19,2022-05-19,1146,3
Toulouse,Université,KOCOON XL,21,2022-04-28,1933,10
Toulouse,Université,KABANE,19,2022-05-18,1859,7
Toulouse,IUT,KABANE,18,2022-03-08,1940,5
Toulouse,IUT,KASA,23,2022-04-13,1261,10
Toulouse,Université,KASA,18,2022-10-14,1107,4
Toulouse,École Spécialisée,KOCOON XL,24,2022-04-12,1336,10
Toulouse,École de Commerce,KOCOON XL,21,2022-06-18,1717,4
Toulouse,IUT,KASA,18,2022-10-08,1909,2
Toulouse,BTS,KASA,21,2022-12-07,1582,5
Toulouse,BTS,KASA,25,2022-05-12,1499,3
Toulouse,École de Commerce,KOCOON XL,19,2022-08-10,1930,6
Toulouse,Université,KABANE,21,2022-11-18,1091,8
Toulouse,École de Commerce,KOCOON L,22,2022-11-15,1622,5
Toulouse,Université,KASA,19,2022-02-08,1998,7
Toulouse,École de Commerce,KOCOON,20,2022-03-13,1144,8
Toulouse,École Spécialisée,KOCOON XL,24,2022-06-09,1155,5
Toulouse,BTS,KOCOON,24,2022-10-24,1448,7
Toulouse,Université,KABANE,23,2022-01-12,1113,3
Toulouse,BTS,KABANE,24,2022-03-31,1433,2
Toulouse,École Spécialisée,KASA,21,2022-12-16,1079,6
Toulouse,Université,KOCOON,23,2022-02-21,1286,3
Toulouse,École de Commerce,KASA,21,2022-05-23,1988,4
Toulouse,BTS,KASA,19,2022-04-02,1373,6
Toulouse,École de Commerce,KABANE,25,2022-04-04,1760,6
Toulouse,Université,KOCOON L,21,2022-05-13,1376,5
Toulouse,École Spécialisée,KOCOON XL,18,2022-03-13,1598,6
Toulouse,École Spécialisée,KASA,23,2022-10-09,1358,4
Toulouse,Université,KOCOON L,24,2022-11-04,1687,6
Toulouse,IUT,KASA,18,2022-12-20,1752,2
Toulouse,BTS,KASA,21,2022-04-28,1838,5
Toulouse,Université,KABANE,21,2022-08-09,1193,1
Toulouse,Université,KASA,22,2022-09-01,1870,9
Toulouse,BTS,KABANE,20,2022-04-25,1666,9
Toulouse,BTS,KASA,24,2022-04-18,1843,7
Toulouse,Université,KOCOON L,19,2022-03-17,1991,4
Toulouse,IUT,KASA,22,2022-07-21,1241,9
Toulouse,BTS,KOCOON,18,2022-12-31,1649,5
Toulouse,Université,KOCOON,19,2022-06-06,1606,8
Toulouse,Université,KABANE,22,2022-04-09,1747,4
Toulouse,École de Commerce,KOCOON L,21,2022-10-24,1431,4
Toulouse,École Spécialisée,KOCOON,25,2022-07-13,1750,9
Toulouse,BTS,KOCOON XL,18,2022-09-19,1010,4
Toulouse,École Spécialisée,KOCOON XL,20,2022-07-01,1546,2
Toulouse,BTS,KOCOON,18,2022-02-09,1664,8
Toulouse,Université,KOCOON,25,2022-12-21,1647,10
Toulouse,École Spécialisée,KABANE,21,2022-11-26,1449,8
Toulouse,Université,KOCOON,24,2022-07-17,1092,8
Toulouse,Université,KASA,19,2022-03-28,1833,7
Toulouse,IUT,KABANE,21,2022-01-14,1899,9
Toulouse,IUT,KASA,21,2022-02-06,1119,4
Toulouse,École de Commerce,KABANE,24,2022-12-21,1599,4
Toulouse,IUT,KABANE,18,2022-01-02,1744,8
Toulouse,IUT,KASA,22,2022-04-12,1026,4
Toulouse,École de Commerce,KOCOON L,22,2022-11-12,1489,4
Toulouse,École Spécialisée,KOCOON L,23,2022-02-03,1597,8
Toulouse,IUT,KASA,18,2022-12-21,1422,8
Toulouse,École Spécialisée,KOCOON XL,23,2022-06-02,1840,6
Toulouse,IUT,KASA,22,2022-10-18,1001,8
Toulouse,École de Commerce,KOCOON,19,2022-11-27,1232,8
Toulouse,École de Commerce,KOCOON XL,18,2022-08-26,1073,3
Toulouse,École de Commerce,KOCOON,23,2022-02-20,1849,4
Toulouse,Université,KOCOON,22,2022-04-18,1949,10
Toulouse,IUT,KOCOON L,18,2022-02-20,1022,2
Toulouse,IUT,KABANE,25,2022-09-21,1085,4
Toulouse,École Spécialisée,KABANE,18,2022-06-08,1898,8
Toulouse,Université,KABANE,25,2022-09-01,2000,6
Toulouse,École Spécialisée,KOCOON XL,18,2022-02-03,1776,7
Toulouse,École Spécialisée,KASA,21,2022-06-17,1218,10
Toulouse,Université,KOCOON,22,2022-12-26,1997,2
Toulouse,IUT,KOCOON,23,2022-03-27,1263,10
Toulouse,IUT,KASA,22,2022-07-15,1838,1
Toulouse,École Spécialisée,KOCOON,18,2022-12-13,1573,10
Toulouse,Université,KASA,18,2022-06-19,1653,5
Toulouse,IUT,KABANE,24,2022-02-18,1196,8
Toulouse,École Spécialisée,KOCOON L,24,2022-06-11,1990,4
Toulouse,École de Commerce,KOCOON,18,2022-04-10,1564,8
Toulouse,BTS,KOCOON XL,19,2022-05-03,1014,4
Toulouse,École Spécialisée,KOCOON XL,25,2022-07-24,1182,6
Toulouse,École Spécialisée,KOCOON,24,2022-01-28,1981,6
Toulouse,École de Commerce,KOCOON L,19,2022-02-06,1101,3
Toulouse,École de Commerce,KOCOON L,23,2022-07-03,1777,2
